Video File,Prompt,Average CLIP Score
a black bear is sitting on the grass.mp4,black-bear,29.005681818181817
a brown bear is sitting on the grass.mp4,black-bear,25.400568181818183
a polar bear is sitting on the ground.mp4,black-bear,23.107954545454547
"a black swan is swimming on the water, Van Gogh style.mp4",black-swan,31.41625
a white swan is swimming on the water.mp4,black-swan,26.3109375
a car is moving on the snow.mp4,car-moving,27.861979166666668
a jeep car is moving on the desert.mp4,car-moving,27.1640625
a jeep car is moving on the road.mp4,car-moving,28.588541666666668
a bear is walking on the grass.mp4,cow-walking,22.633223684210527
a camel is walking in the desert.mp4,cow-walking,22.385690789473685
a cat is walking on a fence.mp4,cow-walking,24.94654605263158
a cow is walking on the snow.mp4,cow-walking,29.00575657894737
a deer is walking in a forest.mp4,cow-walking,22.394736842105264
a dog is walking on the grass.mp4,cow-walking,24.89720394736842
a horse is walking in a meadow.mp4,cow-walking,23.910361842105264
a lion is walking on the grass.mp4,cow-walking,22.379111842105264
a tiger is walking on the rocks.mp4,cow-walking,21.48355263157895
a wolf is walking in the snow.mp4,cow-walking,19.957236842105264
an elephant is walking through a field.mp4,cow-walking,22.39391447368421
a dog is munching on a burger.mp4,rabbit-watermelon,15.6748046875
a duck is eating a corn cob.mp4,rabbit-watermelon,21.850260416666668
a fox is chewing on a sandwich.mp4,rabbit-watermelon,19.11328125
a giraffe is munching on leaves.mp4,rabbit-watermelon,14.162434895833334
a kitten is nibbling on a fish.mp4,rabbit-watermelon,17.893229166666668
a monkey is eating a banana.mp4,rabbit-watermelon,14.0146484375
a panda is eating bamboo.mp4,rabbit-watermelon,14.871419270833334
a parrot is eating a cracker.mp4,rabbit-watermelon,17.470377604166668
a puppy is eating an orange.mp4,rabbit-watermelon,19.505859375
a rabbit is eating a pizza.mp4,rabbit-watermelon,25.783854166666668
a rabbit is eating an orange.mp4,rabbit-watermelon,26.08203125
a squirrel is eating a nut.mp4,rabbit-watermelon,16.483072916666668
a tiger is eating a watermelon.mp4,rabbit-watermelon,22.608072916666668
an owl is pecking at a grape.mp4,rabbit-watermelon,15.866861979166666
