File Name,Text Prompt,Cosine Similarity
a black bear is sitting on the grass.mp4,a black bear is sitting on the grass,0.2183837890625
a brown bear is sitting on the grass.mp4,a brown bear is sitting on the grass,0.20654296875
a polar bear is sitting on the ground.mp4,a polar bear is sitting on the ground,0.2156982421875
"a black swan is swimming on the water, Van Gogh style.mp4","a black swan is swimming on the water, Van Gogh style",0.27490234375
a white swan is swimming on the water.mp4,a white swan is swimming on the water,0.290283203125
a car is moving on the snow.mp4,a car is moving on the snow,0.2607421875
a jeep car is moving on the desert.mp4,a jeep car is moving on the desert,0.297607421875
a jeep car is moving on the road.mp4,a jeep car is moving on the road,0.2763671875
a bear is walking on the grass.mp4,a bear is walking on the grass,0.292236328125
a camel is walking in the desert.mp4,a camel is walking in the desert,0.2900390625
a cat is walking on a fence.mp4,a cat is walking on a fence,0.279296875
a cow is walking on the snow.mp4,a cow is walking on the snow,0.275634765625
a deer is walking in a forest.mp4,a deer is walking in a forest,0.312744140625
a dog is walking on the grass.mp4,a dog is walking on the grass,0.305419921875
a horse is walking in a meadow.mp4,a horse is walking in a meadow,0.31787109375
a lion is walking on the grass.mp4,a lion is walking on the grass,0.2890625
a tiger is walking on the rocks.mp4,a tiger is walking on the rocks,0.301513671875
a wolf is walking in the snow.mp4,a wolf is walking in the snow,0.2724609375
an elephant is walking through a field.mp4,an elephant is walking through a field,0.28515625
a dog is munching on a burger.mp4,a dog is munching on a burger,0.278564453125
a duck is eating a corn cob.mp4,a duck is eating a corn cob,0.242431640625
a fox is chewing on a sandwich.mp4,a fox is chewing on a sandwich,0.258544921875
a giraffe is munching on leaves.mp4,a giraffe is munching on leaves,0.266845703125
a kitten is nibbling on a fish.mp4,a kitten is nibbling on a fish,0.2587890625
a monkey is eating a banana.mp4,a monkey is eating a banana,0.300537109375
a panda is eating bamboo.mp4,a panda is eating bamboo,0.2861328125
a parrot is eating a cracker.mp4,a parrot is eating a cracker,0.280029296875
a puppy is eating an orange.mp4,a puppy is eating an orange,0.21484375
a rabbit is eating a pizza.mp4,a rabbit is eating a pizza,0.267578125
a rabbit is eating an orange.mp4,a rabbit is eating an orange,0.257080078125
a squirrel is eating a nut.mp4,a squirrel is eating a nut,0.24560546875
a tiger is eating a watermelon.mp4,a tiger is eating a watermelon,0.261962890625
an owl is pecking at a grape.mp4,an owl is pecking at a grape,0.32080078125
